Bitcoin,https://s2.coinmarketcap.com/static/img/coins/32x32/1.png
Ethereum,https://s2.coinmarketcap.com/static/img/coins/32x32/1027.png
Tether,https://s2.coinmarketcap.com/static/img/coins/32x32/825.png
XRP,https://s2.coinmarketcap.com/static/img/coins/32x32/52.png
Polkadot,https://s2.coinmarketcap.com/static/img/coins/32x32/6636.png
Bitcoin Cash,https://s2.coinmarketcap.com/static/img/coins/32x32/1831.png
Binance Coin,https://s2.coinmarketcap.com/static/img/coins/32x32/1839.png
Chainlink,https://s2.coinmarketcap.com/static/img/coins/32x32/1975.png
Crypto.com Coin,https://s2.coinmarketcap.com/static/img/coins/32x32/3635.png
Litecoin,https://s2.coinmarketcap.com/static/img/coins/32x32/2.png
Bitcoin SV,https://s2.coinmarketcap.com/static/img/coins/32x32/3602.png
Cardano,https://s2.coinmarketcap.com/static/img/coins/32x32/2010.png
EOS,https://s2.coinmarketcap.com/static/img/coins/32x32/1765.png
USD Coin,https://s2.coinmarketcap.com/static/img/coins/32x32/3408.png
TRON,https://s2.coinmarketcap.com/static/img/coins/32x32/1958.png
Tezos,https://s2.coinmarketcap.com/static/img/coins/32x32/2011.png
Stellar,https://s2.coinmarketcap.com/static/img/coins/32x32/512.png
Monero,https://s2.coinmarketcap.com/static/img/coins/32x32/328.png
Neo,https://s2.coinmarketcap.com/static/img/coins/32x32/1376.png
UNUS SED LEO,https://s2.coinmarketcap.com/static/img/coins/32x32/3957.png
Cosmos,https://s2.coinmarketcap.com/static/img/coins/32x32/3794.png
Huobi Token,https://s2.coinmarketcap.com/static/img/coins/32x32/2502.png
NEM,https://s2.coinmarketcap.com/static/img/coins/32x32/873.png
yearn.finance,https://s2.coinmarketcap.com/static/img/coins/32x32/5864.png
VeChain,https://s2.coinmarketcap.com/static/img/coins/32x32/3077.png
UMA,https://s2.coinmarketcap.com/static/img/coins/32x32/5617.png
IOTA,https://s2.coinmarketcap.com/static/img/coins/32x32/1720.png
Aave,https://s2.coinmarketcap.com/static/img/coins/32x32/2239.png
Dash,https://s2.coinmarketcap.com/static/img/coins/32x32/131.png
Wrapped Bitcoin,https://s2.coinmarketcap.com/static/img/coins/32x32/3717.png
Ethereum Classic,https://s2.coinmarketcap.com/static/img/coins/32x32/1321.png
Dai,https://s2.coinmarketcap.com/static/img/coins/32x32/4943.png
Zcash,https://s2.coinmarketcap.com/static/img/coins/32x32/1437.png
Ontology,https://s2.coinmarketcap.com/static/img/coins/32x32/2566.png
TrueUSD,https://s2.coinmarketcap.com/static/img/coins/32x32/2563.png
Maker,https://s2.coinmarketcap.com/static/img/coins/32x32/1518.png
OMG Network,https://s2.coinmarketcap.com/static/img/coins/32x32/1808.png
Synthetix Network Token,https://s2.coinmarketcap.com/static/img/coins/32x32/2586.png
THETA,https://s2.coinmarketcap.com/static/img/coins/32x32/2416.png
Binance USD,https://s2.coinmarketcap.com/static/img/coins/32x32/4687.png
Compound,https://s2.coinmarketcap.com/static/img/coins/32x32/5692.png
Algorand,https://s2.coinmarketcap.com/static/img/coins/32x32/4030.png
Kusama,https://s2.coinmarketcap.com/static/img/coins/32x32/5034.png
Basic Attention Token,https://s2.coinmarketcap.com/static/img/coins/32x32/1697.png
FTX Token,https://s2.coinmarketcap.com/static/img/coins/32x32/4195.png
OKB,https://s2.coinmarketcap.com/static/img/coins/32x32/3897.png
Dogecoin,https://s2.coinmarketcap.com/static/img/coins/32x32/74.png
HedgeTrade,https://s2.coinmarketcap.com/static/img/coins/32x32/3662.png
DigiByte,https://s2.coinmarketcap.com/static/img/coins/32x32/109.png
BitTorrent,https://s2.coinmarketcap.com/static/img/coins/32x32/3718.png
0x,https://s2.coinmarketcap.com/static/img/coins/32x32/1896.png
Celo,https://s2.coinmarketcap.com/static/img/coins/32x32/5567.png
Energy Web Token,https://s2.coinmarketcap.com/static/img/coins/32x32/5268.png
NXM,https://s2.coinmarketcap.com/static/img/coins/32x32/5830.png
ICON,https://s2.coinmarketcap.com/static/img/coins/32x32/2099.png
Loopring,https://s2.coinmarketcap.com/static/img/coins/32x32/1934.png
Hyperion,https://s2.coinmarketcap.com/static/img/coins/32x32/3695.png
Waves,https://s2.coinmarketcap.com/static/img/coins/32x32/1274.png
Paxos Standard,https://s2.coinmarketcap.com/static/img/coins/32x32/3330.png
Qtum,https://s2.coinmarketcap.com/static/img/coins/32x32/1684.png
Kyber Network,https://s2.coinmarketcap.com/static/img/coins/32x32/1982.png
Ren,https://s2.coinmarketcap.com/static/img/coins/32x32/2539.png
Flexacoin,https://s2.coinmarketcap.com/static/img/coins/32x32/3812.png
Hedera Hashgraph,https://s2.coinmarketcap.com/static/img/coins/32x32/4642.png
Zilliqa,https://s2.coinmarketcap.com/static/img/coins/32x32/2469.png
DFI.Money,https://s2.coinmarketcap.com/static/img/coins/32x32/5957.png
Augur,https://s2.coinmarketcap.com/static/img/coins/32x32/1104.png
Lisk,https://s2.coinmarketcap.com/static/img/coins/32x32/1214.png
Decred,https://s2.coinmarketcap.com/static/img/coins/32x32/1168.png
Elrond,https://s2.coinmarketcap.com/static/img/coins/32x32/6892.png
SushiSwap,https://s2.coinmarketcap.com/static/img/coins/32x32/6758.png
Balancer,https://s2.coinmarketcap.com/static/img/coins/32x32/5728.png
Aragon,https://s2.coinmarketcap.com/static/img/coins/32x32/1680.png
Bitcoin Gold,https://s2.coinmarketcap.com/static/img/coins/32x32/2083.png
Siacoin,https://s2.coinmarketcap.com/static/img/coins/32x32/1042.png
Band Protocol,https://s2.coinmarketcap.com/static/img/coins/32x32/4679.png
Revain,https://s2.coinmarketcap.com/static/img/coins/32x32/2135.png
Celsius,https://s2.coinmarketcap.com/static/img/coins/32x32/2700.png
ZB Token,https://s2.coinmarketcap.com/static/img/coins/32x32/3351.png
HUSD,https://s2.coinmarketcap.com/static/img/coins/32x32/4779.png
Reserve Rights,https://s2.coinmarketcap.com/static/img/coins/32x32/3964.png
ABBC Coin,https://s2.coinmarketcap.com/static/img/coins/32x32/3437.png
Ampleforth,https://s2.coinmarketcap.com/static/img/coins/32x32/4056.png
Quant,https://s2.coinmarketcap.com/static/img/coins/32x32/3155.png
Enjin Coin,https://s2.coinmarketcap.com/static/img/coins/32x32/2130.png
Terra,https://s2.coinmarketcap.com/static/img/coins/32x32/4172.png
Ravencoin,https://s2.coinmarketcap.com/static/img/coins/32x32/2577.png
Blockstack,https://s2.coinmarketcap.com/static/img/coins/32x32/4847.png
CyberVein,https://s2.coinmarketcap.com/static/img/coins/32x32/2642.png
Arweave,https://s2.coinmarketcap.com/static/img/coins/32x32/5632.png
Ocean Protocol,https://s2.coinmarketcap.com/static/img/coins/32x32/3911.png
Nano,https://s2.coinmarketcap.com/static/img/coins/32x32/1567.png
Decentraland,https://s2.coinmarketcap.com/static/img/coins/32x32/1966.png
Bytom,https://s2.coinmarketcap.com/static/img/coins/32x32/1866.png
Nervos Network,https://s2.coinmarketcap.com/static/img/coins/32x32/4948.png
Bitcoin Diamond,https://s2.coinmarketcap.com/static/img/coins/32x32/2222.png
Swipe,https://s2.coinmarketcap.com/static/img/coins/32x32/4279.png
DxChain Token,https://s2.coinmarketcap.com/static/img/coins/32x32/3139.png
Golem,https://s2.coinmarketcap.com/static/img/coins/32x32/1455.png
Numeraire,https://s2.coinmarketcap.com/static/img/coins/32x32/1732.png
KuCoin Shares,https://s2.coinmarketcap.com/static/img/coins/32x32/2087.png
IOST,https://s2.coinmarketcap.com/static/img/coins/32x32/2405.png
iExec RLC,https://s2.coinmarketcap.com/static/img/coins/32x32/1637.png
Solana,https://s2.coinmarketcap.com/static/img/coins/32x32/5426.png
Serum,https://s2.coinmarketcap.com/static/img/coins/32x32/6187.png
Divi,https://s2.coinmarketcap.com/static/img/coins/32x32/3441.png
Status,https://s2.coinmarketcap.com/static/img/coins/32x32/1759.png
JUST,https://s2.coinmarketcap.com/static/img/coins/32x32/5488.png
Holo,https://s2.coinmarketcap.com/static/img/coins/32x32/2682.png
MonaCoin,https://s2.coinmarketcap.com/static/img/coins/32x32/213.png
Storj,https://s2.coinmarketcap.com/static/img/coins/32x32/1772.png
BitShares,https://s2.coinmarketcap.com/static/img/coins/32x32/463.png
Kava.io,https://s2.coinmarketcap.com/static/img/coins/32x32/4846.png
THORChain,https://s2.coinmarketcap.com/static/img/coins/32x32/4157.png
Matic Network,https://s2.coinmarketcap.com/static/img/coins/32x32/3890.png
Komodo,https://s2.coinmarketcap.com/static/img/coins/32x32/1521.png
Verge,https://s2.coinmarketcap.com/static/img/coins/32x32/693.png
Utrust,https://s2.coinmarketcap.com/static/img/coins/32x32/2320.png
MCO,https://s2.coinmarketcap.com/static/img/coins/32x32/1776.png
Bancor,https://s2.coinmarketcap.com/static/img/coins/32x32/1727.png
The Midas Touch Gold,https://s2.coinmarketcap.com/static/img/coins/32x32/3356.png
OriginTrail,https://s2.coinmarketcap.com/static/img/coins/32x32/2467.png
Nexo,https://s2.coinmarketcap.com/static/img/coins/32x32/2694.png
Curve DAO Token,https://s2.coinmarketcap.com/static/img/coins/32x32/6538.png
Helium,https://s2.coinmarketcap.com/static/img/coins/32x32/5665.png
Steem,https://s2.coinmarketcap.com/static/img/coins/32x32/1230.png
MXC,https://s2.coinmarketcap.com/static/img/coins/32x32/3628.png
Gnosis,https://s2.coinmarketcap.com/static/img/coins/32x32/1659.png
Ardor,https://s2.coinmarketcap.com/static/img/coins/32x32/1320.png
PAX Gold,https://s2.coinmarketcap.com/static/img/coins/32x32/4705.png
Chiliz,https://s2.coinmarketcap.com/static/img/coins/32x32/4066.png
SwissBorg,https://s2.coinmarketcap.com/static/img/coins/32x32/2499.png
Horizen,https://s2.coinmarketcap.com/static/img/coins/32x32/1698.png
RSK Infrastructure Framework,https://s2.coinmarketcap.com/static/img/coins/32x32/3701.png
aelf,https://s2.coinmarketcap.com/static/img/coins/32x32/2299.png
Velas,https://s2.coinmarketcap.com/static/img/coins/32x32/4747.png
Fantom,https://s2.coinmarketcap.com/static/img/coins/32x32/3513.png
IRISnet,https://s2.coinmarketcap.com/static/img/coins/32x32/3874.png
HyperCash,https://s2.coinmarketcap.com/static/img/coins/32x32/1903.png
Melon,https://s2.coinmarketcap.com/static/img/coins/32x32/1552.png
SingularityNET,https://s2.coinmarketcap.com/static/img/coins/32x32/2424.png
Fetch.ai,https://s2.coinmarketcap.com/static/img/coins/32x32/3773.png
Hive,https://s2.coinmarketcap.com/static/img/coins/32x32/5370.png
Handshake ,https://s2.coinmarketcap.com/static/img/coins/32x32/5221.png
xDai,https://s2.coinmarketcap.com/static/img/coins/32x32/5601.png
Electroneum,https://s2.coinmarketcap.com/static/img/coins/32x32/2137.png
Zcoin,https://s2.coinmarketcap.com/static/img/coins/32x32/1414.png
TrustSwap,https://s2.coinmarketcap.com/static/img/coins/32x32/5829.png
WAX,https://s2.coinmarketcap.com/static/img/coins/32x32/2300.png
Energi,https://s2.coinmarketcap.com/static/img/coins/32x32/3218.png
Kleros,https://s2.coinmarketcap.com/static/img/coins/32x32/3581.png
WaykiChain,https://s2.coinmarketcap.com/static/img/coins/32x32/2346.png
Stratis,https://s2.coinmarketcap.com/static/img/coins/32x32/1343.png
Ultra,https://s2.coinmarketcap.com/static/img/coins/32x32/4189.png
Enigma,https://s2.coinmarketcap.com/static/img/coins/32x32/2044.png
GateToken,https://s2.coinmarketcap.com/static/img/coins/32x32/4269.png
TomoChain,https://s2.coinmarketcap.com/static/img/coins/32x32/2570.png
v.systems,https://s2.coinmarketcap.com/static/img/coins/32x32/3704.png
Aion,https://s2.coinmarketcap.com/static/img/coins/32x32/2062.png
Unibright,https://s2.coinmarketcap.com/static/img/coins/32x32/2758.png
Tellor,https://s2.coinmarketcap.com/static/img/coins/32x32/4944.png
IoTeX,https://s2.coinmarketcap.com/static/img/coins/32x32/2777.png
Ark,https://s2.coinmarketcap.com/static/img/coins/32x32/1586.png
MaidSafeCoin,https://s2.coinmarketcap.com/static/img/coins/32x32/291.png
Aeternity,https://s2.coinmarketcap.com/static/img/coins/32x32/1700.png
ShareToken,https://s2.coinmarketcap.com/static/img/coins/32x32/4197.png
Wanchain,https://s2.coinmarketcap.com/static/img/coins/32x32/2606.png
Insolar,https://s2.coinmarketcap.com/static/img/coins/32x32/2369.png
Aurora,https://s2.coinmarketcap.com/static/img/coins/32x32/2874.png
GXChain,https://s2.coinmarketcap.com/static/img/coins/32x32/1750.png
SUN,https://s2.coinmarketcap.com/static/img/coins/32x32/6990.png
Ankr,https://s2.coinmarketcap.com/static/img/coins/32x32/3783.png
bZx Protocol,https://s2.coinmarketcap.com/static/img/coins/32x32/5810.png
Harmony,https://s2.coinmarketcap.com/static/img/coins/32x32/3945.png
Power Ledger,https://s2.coinmarketcap.com/static/img/coins/32x32/2132.png
STASIS EURO,https://s2.coinmarketcap.com/static/img/coins/32x32/2989.png
Pundi X,https://s2.coinmarketcap.com/static/img/coins/32x32/2603.png
SOLVE,https://s2.coinmarketcap.com/static/img/coins/32x32/3724.png
Syscoin,https://s2.coinmarketcap.com/static/img/coins/32x32/541.png
Elastos,https://s2.coinmarketcap.com/static/img/coins/32x32/2492.png
Theta Fuel,https://s2.coinmarketcap.com/static/img/coins/32x32/3822.png
Uquid Coin,https://s2.coinmarketcap.com/static/img/coins/32x32/2273.png
Orbs,https://s2.coinmarketcap.com/static/img/coins/32x32/3835.png
Haven Protocol,https://s2.coinmarketcap.com/static/img/coins/32x32/2662.png
Switcheo,https://s2.coinmarketcap.com/static/img/coins/32x32/2620.png
Travala.com,https://s2.coinmarketcap.com/static/img/coins/32x32/2776.png
Akropolis ,https://s2.coinmarketcap.com/static/img/coins/32x32/4134.png
DAD,https://s2.coinmarketcap.com/static/img/coins/32x32/4862.png
Waltonchain,https://s2.coinmarketcap.com/static/img/coins/32x32/1925.png
Super Zero Protocol,https://s2.coinmarketcap.com/static/img/coins/32x32/4078.png
WINk,https://s2.coinmarketcap.com/static/img/coins/32x32/4206.png
Streamr,https://s2.coinmarketcap.com/static/img/coins/32x32/2143.png
Digitex Futures,https://s2.coinmarketcap.com/static/img/coins/32x32/2772.png
Huobi Pool Token,https://s2.coinmarketcap.com/static/img/coins/32x32/3721.png
Thunder Token,https://s2.coinmarketcap.com/static/img/coins/32x32/3930.png
COTI,https://s2.coinmarketcap.com/static/img/coins/32x32/3992.png
Bluzelle,https://s2.coinmarketcap.com/static/img/coins/32x32/2505.png
Origin Protocol,https://s2.coinmarketcap.com/static/img/coins/32x32/5117.png
Voyager Token,https://s2.coinmarketcap.com/static/img/coins/32x32/1817.png
NULS,https://s2.coinmarketcap.com/static/img/coins/32x32/2092.png
